1920;1921;1922;1923;1924;1925;1926;1927;1928;1929;1930;1931;1932;1933;1934;1935;1936;1937;1938;1939;1940;1941;1942;1943;1944;1945;1946;1947;1948
Belgium,;Belgium,;Belgium,;Belgium,;Belgium,;Belgium,;Belgium,;Belgium,;Belgium,;Belgium,;Belgium,;Belgium,;Belgium,;Belgium,;Belgium,;Belgium,;Belgium,;Belgium,;Belgium,;Belgium,;Belgium,;Belgium,;Belgium,;Belgium,;Belgium,;Belgium,;Belgium,;Belgium,;Belgium,
" ""Bolivia"",";" ""Bolivia"",";" ""Bolivia"",";" ""Bolivia"",";" ""Bolivia"",";" ""Bolivia"",";" ""Bolivia"",";" ""Bolivia"",";" ""Bolivia"",";" ""Bolivia"",";" ""Bolivia"",";" ""Bolivia"",";" ""Bolivia"",";" ""Bolivia"",";" ""Bolivia"",";" ""Bolivia"",";" ""Bolivia"",";" ""Bolivia"",";" ""Bolivia"",";" ""Bolivia"",";" ""Bolivia"",";" ""Bolivia"",";" ""Bolivia"",";" ""Bolivia"",";" ""Bolivia"",";" ""Bolivia"",";" ""Bolivia"",";" ""Bolivia"",";" ""Bolivia"","
" ""Brazil"", (withdrew 14 June 1926)";" ""Brazil"", (withdrew 14 June 1926)";" ""Brazil"", (withdrew 14 June 1926)";" ""Brazil"", (withdrew 14 June 1926)";" ""Brazil"", (withdrew 14 June 1926)";" ""Brazil"", (withdrew 14 June 1926)";" ""Brazil"", (withdrew 14 June 1926)";;;;;;;;;;;;;;;;;;;;;;
 #British Empire separate membership for:[3]; #British Empire separate membership for:[3]; #British Empire separate membership for:[3]; #British Empire separate membership for:[3]; #British Empire separate membership for:[3]; #British Empire separate membership for:[3]; #British Empire separate membership for:[3]; #British Empire separate membership for:[3]; #British Empire separate membership for:[3]; #British Empire separate membership for:[3]; #British Empire separate membership for:[3]; #British Empire separate membership for:[3]; #British Empire separate membership for:[3]; #British Empire separate membership for:[3]; #British Empire separate membership for:[3]; #British Empire separate membership for:[3]; #British Empire separate membership for:[3]; #British Empire separate membership for:[3]; #British Empire separate membership for:[3]; #British Empire separate membership for:[3]; #British Empire separate membership for:[3]; #British Empire separate membership for:[3]; #British Empire separate membership for:[3]; #British Empire separate membership for:[3]; #British Empire separate membership for:[3]; #British Empire separate membership for:[3]; #British Empire separate membership for:[3]; #British Empire separate membership for:[3]; #British Empire separate membership for:[3]
" ""United Kingdom"",";" ""United Kingdom"",";" ""United Kingdom"",";" ""United Kingdom"",";" ""United Kingdom"",";" ""United Kingdom"",";" ""United Kingdom"",";" ""United Kingdom"",";" ""United Kingdom"",";" ""United Kingdom"",";" ""United Kingdom"",";" ""United Kingdom"",";" ""United Kingdom"",";" ""United Kingdom"",";" ""United Kingdom"",";" ""United Kingdom"",";" ""United Kingdom"",";" ""United Kingdom"",";" ""United Kingdom"",";" ""United Kingdom"",";" ""United Kingdom"",";" ""United Kingdom"",";" ""United Kingdom"",";" ""United Kingdom"",";" ""United Kingdom"",";" ""United Kingdom"",";" ""United Kingdom"",";" ""United Kingdom"",";" ""United Kingdom"","
" ""Australia"",";" ""Australia"",";" ""Australia"",";" ""Australia"",";" ""Australia"",";" ""Australia"",";" ""Australia"",";" ""Australia"",";" ""Australia"",";" ""Australia"",";" ""Australia"",";" ""Australia"",";" ""Australia"",";" ""Australia"",";" ""Australia"",";" ""Australia"",";" ""Australia"",";" ""Australia"",";" ""Australia"",";" ""Australia"",";" ""Australia"",";" ""Australia"",";" ""Australia"",";" ""Australia"",";" ""Australia"",";" ""Australia"",";" ""Australia"",";" ""Australia"",";" ""Australia"","
" ""Canada"",";" ""Canada"",";" ""Canada"",";" ""Canada"",";" ""Canada"",";" ""Canada"",";" ""Canada"",";" ""Canada"",";" ""Canada"",";" ""Canada"",";" ""Canada"",";" ""Canada"",";" ""Canada"",";" ""Canada"",";" ""Canada"",";" ""Canada"",";" ""Canada"",";" ""Canada"",";" ""Canada"",";" ""Canada"",";" ""Canada"",";" ""Canada"",";" ""Canada"",";" ""Canada"",";" ""Canada"",";" ""Canada"",";" ""Canada"",";" ""Canada"",";" ""Canada"","
" ""India"",";" ""India"",";" ""India"",";" ""India"",";" ""India"",";" ""India"",";" ""India"",";" ""India"",";" ""India"",";" ""India"",";" ""India"",";" ""India"",";" ""India"",";" ""India"",";" ""India"",";" ""India"",";" ""India"",";" ""India"",";" ""India"",";" ""India"",";" ""India"",";" ""India"",";" ""India"",";" ""India"",";" ""India"",";" ""India"",";" ""India"",";" ""India"",";" ""India"","
" ""New Zealand"",";" ""New Zealand"",";" ""New Zealand"",";" ""New Zealand"",";" ""New Zealand"",";" ""New Zealand"",";" ""New Zealand"",";" ""New Zealand"",";" ""New Zealand"",";" ""New Zealand"",";" ""New Zealand"",";" ""New Zealand"",";" ""New Zealand"",";" ""New Zealand"",";" ""New Zealand"",";" ""New Zealand"",";" ""New Zealand"",";" ""New Zealand"",";" ""New Zealand"",";" ""New Zealand"",";" ""New Zealand"",";" ""New Zealand"",";" ""New Zealand"",";" ""New Zealand"",";" ""New Zealand"",";" ""New Zealand"",";" ""New Zealand"",";" ""New Zealand"",";" ""New Zealand"","
" ""South Africa"",";" ""South Africa"",";" ""South Africa"",";" ""South Africa"",";" ""South Africa"",";" ""South Africa"",";" ""South Africa"",";" ""South Africa"",";" ""South Africa"",";" ""South Africa"",";" ""South Africa"",";" ""South Africa"",";" ""South Africa"",";" ""South Africa"",";" ""South Africa"",";" ""South Africa"",";" ""South Africa"",";" ""South Africa"",";" ""South Africa"",";" ""South Africa"",";" ""South Africa"",";" ""South Africa"",";" ""South Africa"",";" ""South Africa"",";" ""South Africa"",";" ""South Africa"",";" ""South Africa"",";" ""South Africa"",";" ""South Africa"","
" ""Chile"", (withdrew 14 May 1938)";" ""Chile"", (withdrew 14 May 1938)";" ""Chile"", (withdrew 14 May 1938)";" ""Chile"", (withdrew 14 May 1938)";" ""Chile"", (withdrew 14 May 1938)";" ""Chile"", (withdrew 14 May 1938)";" ""Chile"", (withdrew 14 May 1938)";" ""Chile"", (withdrew 14 May 1938)";" ""Chile"", (withdrew 14 May 1938)";" ""Chile"", (withdrew 14 May 1938)";" ""Chile"", (withdrew 14 May 1938)";" ""Chile"", (withdrew 14 May 1938)";" ""Chile"", (withdrew 14 May 1938)";" ""Chile"", (withdrew 14 May 1938)";" ""Chile"", (withdrew 14 May 1938)";" ""Chile"", (withdrew 14 May 1938)";" ""Chile"", (withdrew 14 May 1938)";" ""Chile"", (withdrew 14 May 1938)";;;;;;;;;;;
" ""Republic of China"",";" ""Republic of China"",";" ""Republic of China"",";" ""Republic of China"",";" ""Republic of China"",";" ""Republic of China"",";" ""Republic of China"",";" ""Republic of China"",";" ""Republic of China"",";" ""Republic of China"",";" ""Republic of China"",";" ""Republic of China"",";" ""Republic of China"",";" ""Republic of China"",";" ""Republic of China"",";" ""Republic of China"",";" ""Republic of China"",";" ""Republic of China"",";" ""Republic of China"",";" ""Republic of China"",";" ""Republic of China"",";" ""Republic of China"",";" ""Republic of China"",";" ""Republic of China"",";" ""Republic of China"",";" ""Republic of China"",";" ""Republic of China"",";" ""Republic of China"",";" ""Republic of China"","
" ""Colombia"",";" ""Colombia"",";" ""Colombia"",";" ""Colombia"",";" ""Colombia"",";" ""Colombia"",";" ""Colombia"",";" ""Colombia"",";" ""Colombia"",";" ""Colombia"",";" ""Colombia"",";" ""Colombia"",";" ""Colombia"",";" ""Colombia"",";" ""Colombia"",";" ""Colombia"",";" ""Colombia"",";" ""Colombia"",";" ""Colombia"",";" ""Colombia"",";" ""Colombia"",";" ""Colombia"",";" ""Colombia"",";" ""Colombia"",";" ""Colombia"",";" ""Colombia"",";" ""Colombia"",";" ""Colombia"",";" ""Colombia"","
" ""Cuba"",";" ""Cuba"",";" ""Cuba"",";" ""Cuba"",";" ""Cuba"",";" ""Cuba"",";" ""Cuba"",";" ""Cuba"",";" ""Cuba"",";" ""Cuba"",";" ""Cuba"",";" ""Cuba"",";" ""Cuba"",";" ""Cuba"",";" ""Cuba"",";" ""Cuba"",";" ""Cuba"",";" ""Cuba"",";" ""Cuba"",";" ""Cuba"",";" ""Cuba"",";" ""Cuba"",";" ""Cuba"",";" ""Cuba"",";" ""Cuba"",";" ""Cuba"",";" ""Cuba"",";" ""Cuba"",";" ""Cuba"","
" ""Czechoslovakia"", (15 March 1939 occupied by Germany)[4]";" ""Czechoslovakia"", (15 March 1939 occupied by Germany)[4]";" ""Czechoslovakia"", (15 March 1939 occupied by Germany)[4]";" ""Czechoslovakia"", (15 March 1939 occupied by Germany)[4]";" ""Czechoslovakia"", (15 March 1939 occupied by Germany)[4]";" ""Czechoslovakia"", (15 March 1939 occupied by Germany)[4]";" ""Czechoslovakia"", (15 March 1939 occupied by Germany)[4]";" ""Czechoslovakia"", (15 March 1939 occupied by Germany)[4]";" ""Czechoslovakia"", (15 March 1939 occupied by Germany)[4]";" ""Czechoslovakia"", (15 March 1939 occupied by Germany)[4]";" ""Czechoslovakia"", (15 March 1939 occupied by Germany)[4]";" ""Czechoslovakia"", (15 March 1939 occupied by Germany)[4]";" ""Czechoslovakia"", (15 March 1939 occupied by Germany)[4]";" ""Czechoslovakia"", (15 March 1939 occupied by Germany)[4]";" ""Czechoslovakia"", (15 March 1939 occupied by Germany)[4]";" ""Czechoslovakia"", (15 March 1939 occupied by Germany)[4]";" ""Czechoslovakia"", (15 March 1939 occupied by Germany)[4]";" ""Czechoslovakia"", (15 March 1939 occupied by Germany)[4]";" ""Czechoslovakia"", (15 March 1939 occupied by Germany)[4]";" ""Czechoslovakia"", (15 March 1939 occupied by Germany)[4]";;;;;;;;;
" ""Denmark"",";" ""Denmark"",";" ""Denmark"",";" ""Denmark"",";" ""Denmark"",";" ""Denmark"",";" ""Denmark"",";" ""Denmark"",";" ""Denmark"",";" ""Denmark"",";" ""Denmark"",";" ""Denmark"",";" ""Denmark"",";" ""Denmark"",";" ""Denmark"",";" ""Denmark"",";" ""Denmark"",";" ""Denmark"",";" ""Denmark"",";" ""Denmark"",";" ""Denmark"",";" ""Denmark"",";" ""Denmark"",";" ""Denmark"",";" ""Denmark"",";" ""Denmark"",";" ""Denmark"",";" ""Denmark"",";" ""Denmark"","
" ""El Salvador"", (withdrew 11 August 1937)";" ""El Salvador"", (withdrew 11 August 1937)";" ""El Salvador"", (withdrew 11 August 1937)";" ""El Salvador"", (withdrew 11 August 1937)";" ""El Salvador"", (withdrew 11 August 1937)";" ""El Salvador"", (withdrew 11 August 1937)";" ""El Salvador"", (withdrew 11 August 1937)";" ""El Salvador"", (withdrew 11 August 1937)";" ""El Salvador"", (withdrew 11 August 1937)";" ""El Salvador"", (withdrew 11 August 1937)";" ""El Salvador"", (withdrew 11 August 1937)";" ""El Salvador"", (withdrew 11 August 1937)";" ""El Salvador"", (withdrew 11 August 1937)";" ""El Salvador"", (withdrew 11 August 1937)";" ""El Salvador"", (withdrew 11 August 1937)";" ""El Salvador"", (withdrew 11 August 1937)";" ""El Salvador"", (withdrew 11 August 1937)";" ""El Salvador"", (withdrew 11 August 1937)";;;;;;;;;;;
" ""France"", (Vichy France withdrew 18 April 1941; withdrawal not recognised by Free French forces)";" ""France"", (Vichy France withdrew 18 April 1941; withdrawal not recognised by Free French forces)";" ""France"", (Vichy France withdrew 18 April 1941; withdrawal not recognised by Free French forces)";" ""France"", (Vichy France withdrew 18 April 1941; withdrawal not recognised by Free French forces)";" ""France"", (Vichy France withdrew 18 April 1941; withdrawal not recognised by Free French forces)";" ""France"", (Vichy France withdrew 18 April 1941; withdrawal not recognised by Free French forces)";" ""France"", (Vichy France withdrew 18 April 1941; withdrawal not recognised by Free French forces)";" ""France"", (Vichy France withdrew 18 April 1941; withdrawal not recognised by Free French forces)";" ""France"", (Vichy France withdrew 18 April 1941; withdrawal not recognised by Free French forces)";" ""France"", (Vichy France withdrew 18 April 1941; withdrawal not recognised by Free French forces)";" ""France"", (Vichy France withdrew 18 April 1941; withdrawal not recognised by Free French forces)";" ""France"", (Vichy France withdrew 18 April 1941; withdrawal not recognised by Free French forces)";" ""France"", (Vichy France withdrew 18 April 1941; withdrawal not recognised by Free French forces)";" ""France"", (Vichy France withdrew 18 April 1941; withdrawal not recognised by Free French forces)";" ""France"", (Vichy France withdrew 18 April 1941; withdrawal not recognised by Free French forces)";" ""France"", (Vichy France withdrew 18 April 1941; withdrawal not recognised by Free French forces)";" ""France"", (Vichy France withdrew 18 April 1941; withdrawal not recognised by Free French forces)";" ""France"", (Vichy France withdrew 18 April 1941; withdrawal not recognised by Free French forces)";" ""France"", (Vichy France withdrew 18 April 1941; withdrawal not recognised by Free French forces)";" ""France"", (Vichy France withdrew 18 April 1941; withdrawal not recognised by Free French forces)";" ""France"", (Vichy France withdrew 18 April 1941; withdrawal not recognised by Free French forces)";" ""France"", (Vichy France withdrew 18 April 1941; withdrawal not recognised by Free French forces)";" ""France"", (Vichy France withdrew 18 April 1941; withdrawal not recognised by Free French forces)";" ""France"", (Vichy France withdrew 18 April 1941; withdrawal not recognised by Free French forces)";" ""France"", (Vichy France withdrew 18 April 1941; withdrawal not recognised by Free French forces)";" ""France"", (Vichy France withdrew 18 April 1941; withdrawal not recognised by Free French forces)";" ""France"", (Vichy France withdrew 18 April 1941; withdrawal not recognised by Free French forces)";" ""France"", (Vichy France withdrew 18 April 1941; withdrawal not recognised by Free French forces)";" ""France"", (Vichy France withdrew 18 April 1941; withdrawal not recognised by Free French forces)"
" ""Greece"",";" ""Greece"",";" ""Greece"",";" ""Greece"",";" ""Greece"",";" ""Greece"",";" ""Greece"",";" ""Greece"",";" ""Greece"",";" ""Greece"",";" ""Greece"",";" ""Greece"",";" ""Greece"",";" ""Greece"",";" ""Greece"",";" ""Greece"",";" ""Greece"",";" ""Greece"",";" ""Greece"",";" ""Greece"",";" ""Greece"",";" ""Greece"",";" ""Greece"",";" ""Greece"",";" ""Greece"",";" ""Greece"",";" ""Greece"",";" ""Greece"",";" ""Greece"","
" ""Guatemala"", (withdrew 26 May 1936)";" ""Guatemala"", (withdrew 26 May 1936)";" ""Guatemala"", (withdrew 26 May 1936)";" ""Guatemala"", (withdrew 26 May 1936)";" ""Guatemala"", (withdrew 26 May 1936)";" ""Guatemala"", (withdrew 26 May 1936)";" ""Guatemala"", (withdrew 26 May 1936)";" ""Guatemala"", (withdrew 26 May 1936)";" ""Guatemala"", (withdrew 26 May 1936)";" ""Guatemala"", (withdrew 26 May 1936)";" ""Guatemala"", (withdrew 26 May 1936)";" ""Guatemala"", (withdrew 26 May 1936)";" ""Guatemala"", (withdrew 26 May 1936)";" ""Guatemala"", (withdrew 26 May 1936)";" ""Guatemala"", (withdrew 26 May 1936)";" ""Guatemala"", (withdrew 26 May 1936)";" ""Guatemala"", (withdrew 26 May 1936)";;;;;;;;;;;;
" ""Haiti"", (withdrew April 1942)";" ""Haiti"", (withdrew April 1942)";" ""Haiti"", (withdrew April 1942)";" ""Haiti"", (withdrew April 1942)";" ""Haiti"", (withdrew April 1942)";" ""Haiti"", (withdrew April 1942)";" ""Haiti"", (withdrew April 1942)";" ""Haiti"", (withdrew April 1942)";" ""Haiti"", (withdrew April 1942)";" ""Haiti"", (withdrew April 1942)";" ""Haiti"", (withdrew April 1942)";" ""Haiti"", (withdrew April 1942)";" ""Haiti"", (withdrew April 1942)";" ""Haiti"", (withdrew April 1942)";" ""Haiti"", (withdrew April 1942)";" ""Haiti"", (withdrew April 1942)";" ""Haiti"", (withdrew April 1942)";" ""Haiti"", (withdrew April 1942)";" ""Haiti"", (withdrew April 1942)";" ""Haiti"", (withdrew April 1942)";" ""Haiti"", (withdrew April 1942)";" ""Haiti"", (withdrew April 1942)";" ""Haiti"", (withdrew April 1942)";;;;;;
" ""Honduras"", (withdrew 10 July 1936)";" ""Honduras"", (withdrew 10 July 1936)";" ""Honduras"", (withdrew 10 July 1936)";" ""Honduras"", (withdrew 10 July 1936)";" ""Honduras"", (withdrew 10 July 1936)";" ""Honduras"", (withdrew 10 July 1936)";" ""Honduras"", (withdrew 10 July 1936)";" ""Honduras"", (withdrew 10 July 1936)";" ""Honduras"", (withdrew 10 July 1936)";" ""Honduras"", (withdrew 10 July 1936)";" ""Honduras"", (withdrew 10 July 1936)";" ""Honduras"", (withdrew 10 July 1936)";" ""Honduras"", (withdrew 10 July 1936)";" ""Honduras"", (withdrew 10 July 1936)";" ""Honduras"", (withdrew 10 July 1936)";" ""Honduras"", (withdrew 10 July 1936)";" ""Honduras"", (withdrew 10 July 1936)";;;;;;;;;;;;
 Kingdom of Italy (withdrew 11 December 1937); Kingdom of Italy (withdrew 11 December 1937); Kingdom of Italy (withdrew 11 December 1937); Kingdom of Italy (withdrew 11 December 1937); Kingdom of Italy (withdrew 11 December 1937); Kingdom of Italy (withdrew 11 December 1937); Kingdom of Italy (withdrew 11 December 1937); Kingdom of Italy (withdrew 11 December 1937); Kingdom of Italy (withdrew 11 December 1937); Kingdom of Italy (withdrew 11 December 1937); Kingdom of Italy (withdrew 11 December 1937); Kingdom of Italy (withdrew 11 December 1937); Kingdom of Italy (withdrew 11 December 1937); Kingdom of Italy (withdrew 11 December 1937); Kingdom of Italy (withdrew 11 December 1937); Kingdom of Italy (withdrew 11 December 1937); Kingdom of Italy (withdrew 11 December 1937); Kingdom of Italy (withdrew 11 December 1937);;;;;;;;;;;
 Empire of Japan (withdrew 27 March 1933); Empire of Japan (withdrew 27 March 1933); Empire of Japan (withdrew 27 March 1933); Empire of Japan (withdrew 27 March 1933); Empire of Japan (withdrew 27 March 1933); Empire of Japan (withdrew 27 March 1933); Empire of Japan (withdrew 27 March 1933); Empire of Japan (withdrew 27 March 1933); Empire of Japan (withdrew 27 March 1933); Empire of Japan (withdrew 27 March 1933); Empire of Japan (withdrew 27 March 1933); Empire of Japan (withdrew 27 March 1933); Empire of Japan (withdrew 27 March 1933); Empire of Japan (withdrew 27 March 1933);;;;;;;;;;;;;;;
 Liberia; Liberia; Liberia; Liberia; Liberia; Liberia; Liberia; Liberia; Liberia; Liberia; Liberia; Liberia; Liberia; Liberia; Liberia; Liberia; Liberia; Liberia; Liberia; Liberia; Liberia; Liberia; Liberia; Liberia; Liberia; Liberia; Liberia; Liberia; Liberia
 Netherlands; Netherlands; Netherlands; Netherlands; Netherlands; Netherlands; Netherlands; Netherlands; Netherlands; Netherlands; Netherlands; Netherlands; Netherlands; Netherlands; Netherlands; Netherlands; Netherlands; Netherlands; Netherlands; Netherlands; Netherlands; Netherlands; Netherlands; Netherlands; Netherlands; Netherlands; Netherlands; Netherlands; Netherlands
 Nicaragua (withdrew 27 June 1936); Nicaragua (withdrew 27 June 1936); Nicaragua (withdrew 27 June 1936); Nicaragua (withdrew 27 June 1936); Nicaragua (withdrew 27 June 1936); Nicaragua (withdrew 27 June 1936); Nicaragua (withdrew 27 June 1936); Nicaragua (withdrew 27 June 1936); Nicaragua (withdrew 27 June 1936); Nicaragua (withdrew 27 June 1936); Nicaragua (withdrew 27 June 1936); Nicaragua (withdrew 27 June 1936); Nicaragua (withdrew 27 June 1936); Nicaragua (withdrew 27 June 1936); Nicaragua (withdrew 27 June 1936); Nicaragua (withdrew 27 June 1936); Nicaragua (withdrew 27 June 1936);;;;;;;;;;;;
 Norway; Norway; Norway; Norway; Norway; Norway; Norway; Norway; Norway; Norway; Norway; Norway; Norway; Norway; Norway; Norway; Norway; Norway; Norway; Norway; Norway; Norway; Norway; Norway; Norway; Norway; Norway; Norway; Norway
 Panama; Panama; Panama; Panama; Panama; Panama; Panama; Panama; Panama; Panama; Panama; Panama; Panama; Panama; Panama; Panama; Panama; Panama; Panama; Panama; Panama; Panama; Panama; Panama; Panama; Panama; Panama; Panama; Panama
 Paraguay (withdrew 23 February 1935); Paraguay (withdrew 23 February 1935); Paraguay (withdrew 23 February 1935); Paraguay (withdrew 23 February 1935); Paraguay (withdrew 23 February 1935); Paraguay (withdrew 23 February 1935); Paraguay (withdrew 23 February 1935); Paraguay (withdrew 23 February 1935); Paraguay (withdrew 23 February 1935); Paraguay (withdrew 23 February 1935); Paraguay (withdrew 23 February 1935); Paraguay (withdrew 23 February 1935); Paraguay (withdrew 23 February 1935); Paraguay (withdrew 23 February 1935); Paraguay (withdrew 23 February 1935); Paraguay (withdrew 23 February 1935);;;;;;;;;;;;;
 Persia (known as Iran from 1934); Persia (known as Iran from 1934); Persia (known as Iran from 1934); Persia (known as Iran from 1934); Persia (known as Iran from 1934); Persia (known as Iran from 1934); Persia (known as Iran from 1934); Persia (known as Iran from 1934); Persia (known as Iran from 1934); Persia (known as Iran from 1934); Persia (known as Iran from 1934); Persia (known as Iran from 1934); Persia (known as Iran from 1934); Persia (known as Iran from 1934); Persia (known as Iran from 1934);;;;;;;;;;;;;;
 Peru (withdrew 8 April 1939); Peru (withdrew 8 April 1939); Peru (withdrew 8 April 1939); Peru (withdrew 8 April 1939); Peru (withdrew 8 April 1939); Peru (withdrew 8 April 1939); Peru (withdrew 8 April 1939); Peru (withdrew 8 April 1939); Peru (withdrew 8 April 1939); Peru (withdrew 8 April 1939); Peru (withdrew 8 April 1939); Peru (withdrew 8 April 1939); Peru (withdrew 8 April 1939); Peru (withdrew 8 April 1939); Peru (withdrew 8 April 1939); Peru (withdrew 8 April 1939); Peru (withdrew 8 April 1939); Peru (withdrew 8 April 1939); Peru (withdrew 8 April 1939); Peru (withdrew 8 April 1939);;;;;;;;;
 Poland; Poland; Poland; Poland; Poland; Poland; Poland; Poland; Poland; Poland; Poland; Poland; Poland; Poland; Poland; Poland; Poland; Poland; Poland; Poland; Poland; Poland; Poland; Poland; Poland; Poland; Poland; Poland; Poland
 Portugal; Portugal; Portugal; Portugal; Portugal; Portugal; Portugal; Portugal; Portugal; Portugal; Portugal; Portugal; Portugal; Portugal; Portugal; Portugal; Portugal; Portugal; Portugal; Portugal; Portugal; Portugal; Portugal; Portugal; Portugal; Portugal; Portugal; Portugal; Portugal
 Romania (withdrew July 1940); Romania (withdrew July 1940); Romania (withdrew July 1940); Romania (withdrew July 1940); Romania (withdrew July 1940); Romania (withdrew July 1940); Romania (withdrew July 1940); Romania (withdrew July 1940); Romania (withdrew July 1940); Romania (withdrew July 1940); Romania (withdrew July 1940); Romania (withdrew July 1940); Romania (withdrew July 1940); Romania (withdrew July 1940); Romania (withdrew July 1940); Romania (withdrew July 1940); Romania (withdrew July 1940); Romania (withdrew July 1940); Romania (withdrew July 1940); Romania (withdrew July 1940); Romania (withdrew July 1940);;;;;;;;
 Siam (known as Thailand from 1939); Siam (known as Thailand from 1939); Siam (known as Thailand from 1939); Siam (known as Thailand from 1939); Siam (known as Thailand from 1939); Siam (known as Thailand from 1939); Siam (known as Thailand from 1939); Siam (known as Thailand from 1939); Siam (known as Thailand from 1939); Siam (known as Thailand from 1939); Siam (known as Thailand from 1939); Siam (known as Thailand from 1939); Siam (known as Thailand from 1939); Siam (known as Thailand from 1939); Siam (known as Thailand from 1939); Siam (known as Thailand from 1939); Siam (known as Thailand from 1939); Siam (known as Thailand from 1939); Siam (known as Thailand from 1939); Siam (known as Thailand from 1939);;;;;;;;;
 Spain (withdrew May 1939); Spain (withdrew May 1939); Spain (withdrew May 1939); Spain (withdrew May 1939); Spain (withdrew May 1939); Spain (withdrew May 1939); Spain (withdrew May 1939); Spain (withdrew May 1939); Spain (withdrew May 1939); Spain (withdrew May 1939); Spain (withdrew May 1939); Spain (withdrew May 1939); Spain (withdrew May 1939); Spain (withdrew May 1939); Spain (withdrew May 1939); Spain (withdrew May 1939); Spain (withdrew May 1939); Spain (withdrew May 1939); Spain (withdrew May 1939); Spain (withdrew May 1939);;;;;;;;;
 Sweden; Sweden; Sweden; Sweden; Sweden; Sweden; Sweden; Sweden; Sweden; Sweden; Sweden; Sweden; Sweden; Sweden; Sweden; Sweden; Sweden; Sweden; Sweden; Sweden; Sweden; Sweden; Sweden; Sweden; Sweden; Sweden; Sweden; Sweden; Sweden
  Switzerland;  Switzerland;  Switzerland;  Switzerland;  Switzerland;  Switzerland;  Switzerland;  Switzerland;  Switzerland;  Switzerland;  Switzerland;  Switzerland;  Switzerland;  Switzerland;  Switzerland;  Switzerland;  Switzerland;  Switzerland;  Switzerland;  Switzerland;  Switzerland;  Switzerland;  Switzerland;  Switzerland;  Switzerland;  Switzerland;  Switzerland;  Switzerland;  Switzerland
 Uruguay; Uruguay; Uruguay; Uruguay; Uruguay; Uruguay; Uruguay; Uruguay; Uruguay; Uruguay; Uruguay; Uruguay; Uruguay; Uruguay; Uruguay; Uruguay; Uruguay; Uruguay; Uruguay; Uruguay; Uruguay; Uruguay; Uruguay; Uruguay; Uruguay; Uruguay; Uruguay; Uruguay; Uruguay
 Venezuela (withdrew 12 July 1938); Venezuela (withdrew 12 July 1938); Venezuela (withdrew 12 July 1938); Venezuela (withdrew 12 July 1938); Venezuela (withdrew 12 July 1938); Venezuela (withdrew 12 July 1938); Venezuela (withdrew 12 July 1938); Venezuela (withdrew 12 July 1938); Venezuela (withdrew 12 July 1938); Venezuela (withdrew 12 July 1938); Venezuela (withdrew 12 July 1938); Venezuela (withdrew 12 July 1938); Venezuela (withdrew 12 July 1938); Venezuela (withdrew 12 July 1938); Venezuela (withdrew 12 July 1938); Venezuela (withdrew 12 July 1938); Venezuela (withdrew 12 July 1938); Venezuela (withdrew 12 July 1938); Venezuela (withdrew 12 July 1938);;;;;;;;;;
 Kingdom of Yugoslavia (known as Kingdom of Serbs, Croats and Slovenes until 1929)[6]; Kingdom of Yugoslavia (known as Kingdom of Serbs, Croats and Slovenes until 1929)[6]; Kingdom of Yugoslavia (known as Kingdom of Serbs, Croats and Slovenes until 1929)[6]; Kingdom of Yugoslavia (known as Kingdom of Serbs, Croats and Slovenes until 1929)[6]; Kingdom of Yugoslavia (known as Kingdom of Serbs, Croats and Slovenes until 1929)[6]; Kingdom of Yugoslavia (known as Kingdom of Serbs, Croats and Slovenes until 1929)[6]; Kingdom of Yugoslavia (known as Kingdom of Serbs, Croats and Slovenes until 1929)[6]; Kingdom of Yugoslavia (known as Kingdom of Serbs, Croats and Slovenes until 1929)[6]; Kingdom of Yugoslavia (known as Kingdom of Serbs, Croats and Slovenes until 1929)[6]; Kingdom of Yugoslavia (known as Kingdom of Serbs, Croats and Slovenes until 1929)[6]; Kingdom of Yugoslavia (known as Kingdom of Serbs, Croats and Slovenes until 1929)[6]; Kingdom of Yugoslavia (known as Kingdom of Serbs, Croats and Slovenes until 1929)[6]; Kingdom of Yugoslavia (known as Kingdom of Serbs, Croats and Slovenes until 1929)[6]; Kingdom of Yugoslavia (known as Kingdom of Serbs, Croats and Slovenes until 1929)[6]; Kingdom of Yugoslavia (known as Kingdom of Serbs, Croats and Slovenes until 1929)[6]; Kingdom of Yugoslavia (known as Kingdom of Serbs, Croats and Slovenes until 1929)[6]; Kingdom of Yugoslavia (known as Kingdom of Serbs, Croats and Slovenes until 1929)[6]; Kingdom of Yugoslavia (known as Kingdom of Serbs, Croats and Slovenes until 1929)[6]; Kingdom of Yugoslavia (known as Kingdom of Serbs, Croats and Slovenes until 1929)[6]; Kingdom of Yugoslavia (known as Kingdom of Serbs, Croats and Slovenes until 1929)[6]; Kingdom of Yugoslavia (known as Kingdom of Serbs, Croats and Slovenes until 1929)[6]; Kingdom of Yugoslavia (known as Kingdom of Serbs, Croats and Slovenes until 1929)[6]; Kingdom of Yugoslavia (known as Kingdom of Serbs, Croats and Slovenes until 1929)[6]; Kingdom of Yugoslavia (known as Kingdom of Serbs, Croats and Slovenes until 1929)[6]; Kingdom of Yugoslavia (known as Kingdom of Serbs, Croats and Slovenes until 1929)[6]; Kingdom of Yugoslavia (known as Kingdom of Serbs, Croats and Slovenes until 1929)[6]; Kingdom of Yugoslavia (known as Kingdom of Serbs, Croats and Slovenes until 1929)[6]; Kingdom of Yugoslavia (known as Kingdom of Serbs, Croats and Slovenes until 1929)[6]; Kingdom of Yugoslavia (known as Kingdom of Serbs, Croats and Slovenes until 1929)[6]
1920[edit];1920[edit];1920[edit];1920[edit];1920[edit];1920[edit];1920[edit];1920[edit];1920[edit];1920[edit];1920[edit];1920[edit];1920[edit];1920[edit];1920[edit];1920[edit];1920[edit];1920[edit];1920[edit];1920[edit];1920[edit];1920[edit];1920[edit];1920[edit];1920[edit];1920[edit];1920[edit];1920[edit];1920[edit]
" Austria (joined 15 December 1920; ceased to exist 13 March 1938)";" Austria (joined 15 December 1920; ceased to exist 13 March 1938)";" Austria (joined 15 December 1920; ceased to exist 13 March 1938)";" Austria (joined 15 December 1920; ceased to exist 13 March 1938)";" Austria (joined 15 December 1920; ceased to exist 13 March 1938)";" Austria (joined 15 December 1920; ceased to exist 13 March 1938)";" Austria (joined 15 December 1920; ceased to exist 13 March 1938)";" Austria (joined 15 December 1920; ceased to exist 13 March 1938)";" Austria (joined 15 December 1920; ceased to exist 13 March 1938)";" Austria (joined 15 December 1920; ceased to exist 13 March 1938)";" Austria (joined 15 December 1920; ceased to exist 13 March 1938)";" Austria (joined 15 December 1920; ceased to exist 13 March 1938)";" Austria (joined 15 December 1920; ceased to exist 13 March 1938)";" Austria (joined 15 December 1920; ceased to exist 13 March 1938)";" Austria (joined 15 December 1920; ceased to exist 13 March 1938)";" Austria (joined 15 December 1920; ceased to exist 13 March 1938)";" Austria (joined 15 December 1920; ceased to exist 13 March 1938)";" Austria (joined 15 December 1920; ceased to exist 13 March 1938)";" Austria (joined 15 December 1920; ceased to exist 13 March 1938)";;;;;;;;;;
 Bulgaria (joined 16 December 1920); Bulgaria (joined 16 December 1920); Bulgaria (joined 16 December 1920); Bulgaria (joined 16 December 1920); Bulgaria (joined 16 December 1920); Bulgaria (joined 16 December 1920); Bulgaria (joined 16 December 1920); Bulgaria (joined 16 December 1920); Bulgaria (joined 16 December 1920); Bulgaria (joined 16 December 1920); Bulgaria (joined 16 December 1920); Bulgaria (joined 16 December 1920); Bulgaria (joined 16 December 1920); Bulgaria (joined 16 December 1920); Bulgaria (joined 16 December 1920); Bulgaria (joined 16 December 1920); Bulgaria (joined 16 December 1920); Bulgaria (joined 16 December 1920); Bulgaria (joined 16 December 1920); Bulgaria (joined 16 December 1920); Bulgaria (joined 16 December 1920); Bulgaria (joined 16 December 1920); Bulgaria (joined 16 December 1920); Bulgaria (joined 16 December 1920); Bulgaria (joined 16 December 1920); Bulgaria (joined 16 December 1920); Bulgaria (joined 16 December 1920); Bulgaria (joined 16 December 1920); Bulgaria (joined 16 December 1920)
" Costa Rica (joined 16 December 1920; withdrew 22 January 1925)";" Costa Rica (joined 16 December 1920; withdrew 22 January 1925)";" Costa Rica (joined 16 December 1920; withdrew 22 January 1925)";" Costa Rica (joined 16 December 1920; withdrew 22 January 1925)";" Costa Rica (joined 16 December 1920; withdrew 22 January 1925)";" Costa Rica (joined 16 December 1920; withdrew 22 January 1925)";;;;;;;;;;;;;;;;;;;;;;;
 Finland (joined 16 December 1920)[7]; Finland (joined 16 December 1920)[7]; Finland (joined 16 December 1920)[7]; Finland (joined 16 December 1920)[7]; Finland (joined 16 December 1920)[7]; Finland (joined 16 December 1920)[7]; Finland (joined 16 December 1920)[7]; Finland (joined 16 December 1920)[7]; Finland (joined 16 December 1920)[7]; Finland (joined 16 December 1920)[7]; Finland (joined 16 December 1920)[7]; Finland (joined 16 December 1920)[7]; Finland (joined 16 December 1920)[7]; Finland (joined 16 December 1920)[7]; Finland (joined 16 December 1920)[7]; Finland (joined 16 December 1920)[7]; Finland (joined 16 December 1920)[7]; Finland (joined 16 December 1920)[7]; Finland (joined 16 December 1920)[7]; Finland (joined 16 December 1920)[7]; Finland (joined 16 December 1920)[7]; Finland (joined 16 December 1920)[7]; Finland (joined 16 December 1920)[7]; Finland (joined 16 December 1920)[7]; Finland (joined 16 December 1920)[7]; Finland (joined 16 December 1920)[7]; Finland (joined 16 December 1920)[7]; Finland (joined 16 December 1920)[7]; Finland (joined 16 December 1920)[7]
 Luxembourg (joined 16 December 1920)[8]; Luxembourg (joined 16 December 1920)[8]; Luxembourg (joined 16 December 1920)[8]; Luxembourg (joined 16 December 1920)[8]; Luxembourg (joined 16 December 1920)[8]; Luxembourg (joined 16 December 1920)[8]; Luxembourg (joined 16 December 1920)[8]; Luxembourg (joined 16 December 1920)[8]; Luxembourg (joined 16 December 1920)[8]; Luxembourg (joined 16 December 1920)[8]; Luxembourg (joined 16 December 1920)[8]; Luxembourg (joined 16 December 1920)[8]; Luxembourg (joined 16 December 1920)[8]; Luxembourg (joined 16 December 1920)[8]; Luxembourg (joined 16 December 1920)[8]; Luxembourg (joined 16 December 1920)[8]; Luxembourg (joined 16 December 1920)[8]; Luxembourg (joined 16 December 1920)[8]; Luxembourg (joined 16 December 1920)[8]; Luxembourg (joined 16 December 1920)[8]; Luxembourg (joined 16 December 1920)[8]; Luxembourg (joined 16 December 1920)[8]; Luxembourg (joined 16 December 1920)[8]; Luxembourg (joined 16 December 1920)[8]; Luxembourg (joined 16 December 1920)[8]; Luxembourg (joined 16 December 1920)[8]; Luxembourg (joined 16 December 1920)[8]; Luxembourg (joined 16 December 1920)[8]; Luxembourg (joined 16 December 1920)[8]
 Albania (joined 17 December 1920)[9]; Albania (joined 17 December 1920)[9]; Albania (joined 17 December 1920)[9]; Albania (joined 17 December 1920)[9]; Albania (joined 17 December 1920)[9]; Albania (joined 17 December 1920)[9]; Albania (joined 17 December 1920)[9]; Albania (joined 17 December 1920)[9]; Albania (joined 17 December 1920)[9]; Albania (joined 17 December 1920)[9]; Albania (joined 17 December 1920)[9]; Albania (joined 17 December 1920)[9]; Albania (joined 17 December 1920)[9]; Albania (joined 17 December 1920)[9]; Albania (joined 17 December 1920)[9]; Albania (joined 17 December 1920)[9]; Albania (joined 17 December 1920)[9]; Albania (joined 17 December 1920)[9]; Albania (joined 17 December 1920)[9]; Albania (joined 17 December 1920)[9]; Albania (joined 17 December 1920)[9]; Albania (joined 17 December 1920)[9]; Albania (joined 17 December 1920)[9]; Albania (joined 17 December 1920)[9]; Albania (joined 17 December 1920)[9]; Albania (joined 17 December 1920)[9]; Albania (joined 17 December 1920)[9]; Albania (joined 17 December 1920)[9]; Albania (joined 17 December 1920)[9]
;Estonia (joined 22 September 1921, occupied and annexed by the USSR in 1940);Estonia (joined 22 September 1921, occupied and annexed by the USSR in 1940);Estonia (joined 22 September 1921, occupied and annexed by the USSR in 1940);Estonia (joined 22 September 1921, occupied and annexed by the USSR in 1940);Estonia (joined 22 September 1921, occupied and annexed by the USSR in 1940);Estonia (joined 22 September 1921, occupied and annexed by the USSR in 1940);Estonia (joined 22 September 1921, occupied and annexed by the USSR in 1940);Estonia (joined 22 September 1921, occupied and annexed by the USSR in 1940);Estonia (joined 22 September 1921, occupied and annexed by the USSR in 1940);Estonia (joined 22 September 1921, occupied and annexed by the USSR in 1940);Estonia (joined 22 September 1921, occupied and annexed by the USSR in 1940);Estonia (joined 22 September 1921, occupied and annexed by the USSR in 1940);Estonia (joined 22 September 1921, occupied and annexed by the USSR in 1940);Estonia (joined 22 September 1921, occupied and annexed by the USSR in 1940);Estonia (joined 22 September 1921, occupied and annexed by the USSR in 1940);Estonia (joined 22 September 1921, occupied and annexed by the USSR in 1940);Estonia (joined 22 September 1921, occupied and annexed by the USSR in 1940);Estonia (joined 22 September 1921, occupied and annexed by the USSR in 1940);Estonia (joined 22 September 1921, occupied and annexed by the USSR in 1940);Estonia (joined 22 September 1921, occupied and annexed by the USSR in 1940);;;;;;;;
; Latvia (joined 22 September 1921, occupied and annexed by the USSR in 1940); Latvia (joined 22 September 1921, occupied and annexed by the USSR in 1940); Latvia (joined 22 September 1921, occupied and annexed by the USSR in 1940); Latvia (joined 22 September 1921, occupied and annexed by the USSR in 1940); Latvia (joined 22 September 1921, occupied and annexed by the USSR in 1940); Latvia (joined 22 September 1921, occupied and annexed by the USSR in 1940); Latvia (joined 22 September 1921, occupied and annexed by the USSR in 1940); Latvia (joined 22 September 1921, occupied and annexed by the USSR in 1940); Latvia (joined 22 September 1921, occupied and annexed by the USSR in 1940); Latvia (joined 22 September 1921, occupied and annexed by the USSR in 1940); Latvia (joined 22 September 1921, occupied and annexed by the USSR in 1940); Latvia (joined 22 September 1921, occupied and annexed by the USSR in 1940); Latvia (joined 22 September 1921, occupied and annexed by the USSR in 1940); Latvia (joined 22 September 1921, occupied and annexed by the USSR in 1940); Latvia (joined 22 September 1921, occupied and annexed by the USSR in 1940); Latvia (joined 22 September 1921, occupied and annexed by the USSR in 1940); Latvia (joined 22 September 1921, occupied and annexed by the USSR in 1940); Latvia (joined 22 September 1921, occupied and annexed by the USSR in 1940); Latvia (joined 22 September 1921, occupied and annexed by the USSR in 1940); Latvia (joined 22 September 1921, occupied and annexed by the USSR in 1940);;;;;;;;
; Lithuania (joined 22 September 1921, occupied and annexed by the USSR in 1940); Lithuania (joined 22 September 1921, occupied and annexed by the USSR in 1940); Lithuania (joined 22 September 1921, occupied and annexed by the USSR in 1940); Lithuania (joined 22 September 1921, occupied and annexed by the USSR in 1940); Lithuania (joined 22 September 1921, occupied and annexed by the USSR in 1940); Lithuania (joined 22 September 1921, occupied and annexed by the USSR in 1940); Lithuania (joined 22 September 1921, occupied and annexed by the USSR in 1940); Lithuania (joined 22 September 1921, occupied and annexed by the USSR in 1940); Lithuania (joined 22 September 1921, occupied and annexed by the USSR in 1940); Lithuania (joined 22 September 1921, occupied and annexed by the USSR in 1940); Lithuania (joined 22 September 1921, occupied and annexed by the USSR in 1940); Lithuania (joined 22 September 1921, occupied and annexed by the USSR in 1940); Lithuania (joined 22 September 1921, occupied and annexed by the USSR in 1940); Lithuania (joined 22 September 1921, occupied and annexed by the USSR in 1940); Lithuania (joined 22 September 1921, occupied and annexed by the USSR in 1940); Lithuania (joined 22 September 1921, occupied and annexed by the USSR in 1940); Lithuania (joined 22 September 1921, occupied and annexed by the USSR in 1940); Lithuania (joined 22 September 1921, occupied and annexed by the USSR in 1940); Lithuania (joined 22 September 1921, occupied and annexed by the USSR in 1940); Lithuania (joined 22 September 1921, occupied and annexed by the USSR in 1940);;;;;;;;
;;"Kingdom of Hungary (joined 18 September 1922; withdrew 11 April 1939)";"Kingdom of Hungary (joined 18 September 1922; withdrew 11 April 1939)";"Kingdom of Hungary (joined 18 September 1922; withdrew 11 April 1939)";"Kingdom of Hungary (joined 18 September 1922; withdrew 11 April 1939)";"Kingdom of Hungary (joined 18 September 1922; withdrew 11 April 1939)";"Kingdom of Hungary (joined 18 September 1922; withdrew 11 April 1939)";"Kingdom of Hungary (joined 18 September 1922; withdrew 11 April 1939)";"Kingdom of Hungary (joined 18 September 1922; withdrew 11 April 1939)";"Kingdom of Hungary (joined 18 September 1922; withdrew 11 April 1939)";"Kingdom of Hungary (joined 18 September 1922; withdrew 11 April 1939)";"Kingdom of Hungary (joined 18 September 1922; withdrew 11 April 1939)";"Kingdom of Hungary (joined 18 September 1922; withdrew 11 April 1939)";"Kingdom of Hungary (joined 18 September 1922; withdrew 11 April 1939)";"Kingdom of Hungary (joined 18 September 1922; withdrew 11 April 1939)";"Kingdom of Hungary (joined 18 September 1922; withdrew 11 April 1939)";"Kingdom of Hungary (joined 18 September 1922; withdrew 11 April 1939)";"Kingdom of Hungary (joined 18 September 1922; withdrew 11 April 1939)";"Kingdom of Hungary (joined 18 September 1922; withdrew 11 April 1939)";;;;;;;;;
;;; Irish Free State (joined 10 September 1923, known as Ireland from 1937); Irish Free State (joined 10 September 1923, known as Ireland from 1937); Irish Free State (joined 10 September 1923, known as Ireland from 1937); Irish Free State (joined 10 September 1923, known as Ireland from 1937); Irish Free State (joined 10 September 1923, known as Ireland from 1937); Irish Free State (joined 10 September 1923, known as Ireland from 1937); Irish Free State (joined 10 September 1923, known as Ireland from 1937); Irish Free State (joined 10 September 1923, known as Ireland from 1937); Irish Free State (joined 10 September 1923, known as Ireland from 1937); Irish Free State (joined 10 September 1923, known as Ireland from 1937); Irish Free State (joined 10 September 1923, known as Ireland from 1937); Irish Free State (joined 10 September 1923, known as Ireland from 1937); Irish Free State (joined 10 September 1923, known as Ireland from 1937); Irish Free State (joined 10 September 1923, known as Ireland from 1937);;;;;;;;;;;;
;;; Abyssinia (joined 28 September 1923); Abyssinia (joined 28 September 1923); Abyssinia (joined 28 September 1923); Abyssinia (joined 28 September 1923); Abyssinia (joined 28 September 1923); Abyssinia (joined 28 September 1923); Abyssinia (joined 28 September 1923); Abyssinia (joined 28 September 1923); Abyssinia (joined 28 September 1923); Abyssinia (joined 28 September 1923); Abyssinia (joined 28 September 1923); Abyssinia (joined 28 September 1923); Abyssinia (joined 28 September 1923); Abyssinia (joined 28 September 1923); Abyssinia (joined 28 September 1923); Abyssinia (joined 28 September 1923); Abyssinia (joined 28 September 1923); Abyssinia (joined 28 September 1923); Abyssinia (joined 28 September 1923); Abyssinia (joined 28 September 1923); Abyssinia (joined 28 September 1923); Abyssinia (joined 28 September 1923); Abyssinia (joined 28 September 1923); Abyssinia (joined 28 September 1923); Abyssinia (joined 28 September 1923); Abyssinia (joined 28 September 1923)
;;;;Dominican Republic (joined 28 September 1924);Dominican Republic (joined 28 September 1924);Dominican Republic (joined 28 September 1924);Dominican Republic (joined 28 September 1924);Dominican Republic (joined 28 September 1924);Dominican Republic (joined 28 September 1924);Dominican Republic (joined 28 September 1924);Dominican Republic (joined 28 September 1924);Dominican Republic (joined 28 September 1924);Dominican Republic (joined 28 September 1924);Dominican Republic (joined 28 September 1924);Dominican Republic (joined 28 September 1924);Dominican Republic (joined 28 September 1924);Dominican Republic (joined 28 September 1924);Dominican Republic (joined 28 September 1924);Dominican Republic (joined 28 September 1924);Dominican Republic (joined 28 September 1924);Dominican Republic (joined 28 September 1924);Dominican Republic (joined 28 September 1924);Dominican Republic (joined 28 September 1924);Dominican Republic (joined 28 September 1924);Dominican Republic (joined 28 September 1924);Dominican Republic (joined 28 September 1924);Dominican Republic (joined 28 September 1924);Dominican Republic (joined 28 September 1924)
;;;;;;"Germany (joined 8 September 1926; withdrew 19 October 1933)";"Germany (joined 8 September 1926; withdrew 19 October 1933)";"Germany (joined 8 September 1926; withdrew 19 October 1933)";"Germany (joined 8 September 1926; withdrew 19 October 1933)";"Germany (joined 8 September 1926; withdrew 19 October 1933)";"Germany (joined 8 September 1926; withdrew 19 October 1933)";"Germany (joined 8 September 1926; withdrew 19 October 1933)";"Germany (joined 8 September 1926; withdrew 19 October 1933)";;;;;;;;;;;;;;;
;;;;;;;;;;;Mexico (joined 9 September 1931, and is declared member 12 September 1931);Mexico (joined 9 September 1931, and is declared member 12 September 1931);Mexico (joined 9 September 1931, and is declared member 12 September 1931);Mexico (joined 9 September 1931, and is declared member 12 September 1931);Mexico (joined 9 September 1931, and is declared member 12 September 1931);Mexico (joined 9 September 1931, and is declared member 12 September 1931);Mexico (joined 9 September 1931, and is declared member 12 September 1931);Mexico (joined 9 September 1931, and is declared member 12 September 1931);Mexico (joined 9 September 1931, and is declared member 12 September 1931);Mexico (joined 9 September 1931, and is declared member 12 September 1931);Mexico (joined 9 September 1931, and is declared member 12 September 1931);Mexico (joined 9 September 1931, and is declared member 12 September 1931);Mexico (joined 9 September 1931, and is declared member 12 September 1931);Mexico (joined 9 September 1931, and is declared member 12 September 1931);Mexico (joined 9 September 1931, and is declared member 12 September 1931);Mexico (joined 9 September 1931, and is declared member 12 September 1931);Mexico (joined 9 September 1931, and is declared member 12 September 1931);Mexico (joined 9 September 1931, and is declared member 12 September 1931)
;;;;;;;;;;;; Turkey (joined 18 July 1932); Turkey (joined 18 July 1932); Turkey (joined 18 July 1932); Turkey (joined 18 July 1932); Turkey (joined 18 July 1932); Turkey (joined 18 July 1932); Turkey (joined 18 July 1932); Turkey (joined 18 July 1932); Turkey (joined 18 July 1932); Turkey (joined 18 July 1932); Turkey (joined 18 July 1932); Turkey (joined 18 July 1932); Turkey (joined 18 July 1932); Turkey (joined 18 July 1932); Turkey (joined 18 July 1932); Turkey (joined 18 July 1932); Turkey (joined 18 July 1932)
;;;;;;;;;;;; Kingdom of Iraq (joined 3 October 1932); Kingdom of Iraq (joined 3 October 1932); Kingdom of Iraq (joined 3 October 1932); Kingdom of Iraq (joined 3 October 1932); Kingdom of Iraq (joined 3 October 1932); Kingdom of Iraq (joined 3 October 1932); Kingdom of Iraq (joined 3 October 1932); Kingdom of Iraq (joined 3 October 1932); Kingdom of Iraq (joined 3 October 1932); Kingdom of Iraq (joined 3 October 1932); Kingdom of Iraq (joined 3 October 1932); Kingdom of Iraq (joined 3 October 1932); Kingdom of Iraq (joined 3 October 1932); Kingdom of Iraq (joined 3 October 1932); Kingdom of Iraq (joined 3 October 1932); Kingdom of Iraq (joined 3 October 1932); Kingdom of Iraq (joined 3 October 1932)
;;;;;;;;;;;;;;"Union of Soviet Socialist Republics (joined 18 September 1934; expelled 14 December 1939)";"Union of Soviet Socialist Republics (joined 18 September 1934; expelled 14 December 1939)";"Union of Soviet Socialist Republics (joined 18 September 1934; expelled 14 December 1939)";"Union of Soviet Socialist Republics (joined 18 September 1934; expelled 14 December 1939)";"Union of Soviet Socialist Republics (joined 18 September 1934; expelled 14 December 1939)";"Union of Soviet Socialist Republics (joined 18 September 1934; expelled 14 December 1939)";;;;;;;;;
;;;;;;;;;;;;;; Kingdom of Afghanistan (joined 27 September 1934); Kingdom of Afghanistan (joined 27 September 1934); Kingdom of Afghanistan (joined 27 September 1934); Kingdom of Afghanistan (joined 27 September 1934); Kingdom of Afghanistan (joined 27 September 1934); Kingdom of Afghanistan (joined 27 September 1934); Kingdom of Afghanistan (joined 27 September 1934); Kingdom of Afghanistan (joined 27 September 1934); Kingdom of Afghanistan (joined 27 September 1934); Kingdom of Afghanistan (joined 27 September 1934); Kingdom of Afghanistan (joined 27 September 1934); Kingdom of Afghanistan (joined 27 September 1934); Kingdom of Afghanistan (joined 27 September 1934); Kingdom of Afghanistan (joined 27 September 1934); Kingdom of Afghanistan (joined 27 September 1934)
;;;;;;;;;;;;;; Ecuador (joined 28 September 1934); Ecuador (joined 28 September 1934); Ecuador (joined 28 September 1934); Ecuador (joined 28 September 1934); Ecuador (joined 28 September 1934); Ecuador (joined 28 September 1934); Ecuador (joined 28 September 1934); Ecuador (joined 28 September 1934); Ecuador (joined 28 September 1934); Ecuador (joined 28 September 1934); Ecuador (joined 28 September 1934); Ecuador (joined 28 September 1934); Ecuador (joined 28 September 1934); Ecuador (joined 28 September 1934); Ecuador (joined 28 September 1934)
;;;;;;;;;;;;;;;;; Kingdom of Egypt (joined 26 May 1937); Kingdom of Egypt (joined 26 May 1937); Kingdom of Egypt (joined 26 May 1937); Kingdom of Egypt (joined 26 May 1937); Kingdom of Egypt (joined 26 May 1937); Kingdom of Egypt (joined 26 May 1937); Kingdom of Egypt (joined 26 May 1937); Kingdom of Egypt (joined 26 May 1937); Kingdom of Egypt (joined 26 May 1937); Kingdom of Egypt (joined 26 May 1937); Kingdom of Egypt (joined 26 May 1937); Kingdom of Egypt (joined 26 May 1937)
